Metric,Value
MAE,35617.43120815803
RMSE,53474.75876638907
R2,0.7817818808779698
